<?xml version="1.0" encoding="UTF-8"?>
<beans:beans xmlns="http://www.springframework.org/schema/mvc"
	xmlns:xsi="http://www.w3.org/2001/XMLSchema-instance"
	xmlns:beans="http://www.springframework.org/schema/beans"
	xmlns:context="http://www.springframework.org/schema/context"
	xsi:schemaLocation="http://www.springframework.org/schema/mvc https://www.springframework.org/schema/mvc/spring-mvc.xsd
		http://www.springframework.org/schema/beans https://www.springframework.org/schema/beans/spring-beans.xsd
		http://www.springframework.org/schema/context https://www.springframework.org/schema/context/spring-context.xsd">

	<!-- DispatcherServlet Context: defines this servlet's request-processing infrastructure -->
	
	<!-- Enables the Spring MVC @Controller programming model -->
	<annotation-driven />

	<!-- Handles HTTP GET requests for /resources/** by efficiently serving up static resources in the ${webappRoot}/resources directory -->
	<resources mapping="/resources/**" location="/resources/" />

	<!-- Resolves views selected for rendering by @Controllers to .jsp resources in the /WEB-INF/views directory -->
	<beans:bean class="org.springframework.web.servlet.view.InternalResourceViewResolver">
		<beans:property name="prefix" value="/WEB-INF/views/" />
		<beans:property name="suffix" value=".jsp" />
	</beans:bean>
	
	
	
	<!-- 파일업로드에 필요한 bean -->

	<beans:bean id="multipartResolver"
	class="org.springframework.web.multipart.commons.CommonsMultipartResolver">
	
	<!-- 파일업로드 최대 용량(byte) -->
	
	<beans:property name="maxUploadSize" value="10485760" />
	<beans:property name="defaultEncoding" value="utf-8" />
	
	</beans:bean>
	
	<!-- 첨부파일을 저장할 디렉토리 설정 -->
	
	<beans:bean id="upload_path" class="java.lang.String">
	
	<beans:constructor-arg value="C:\Users\715\Desktop\upload" />
	
	</beans:bean>
	<context:component-scan base-package="com.spring.prj" />
	<context:component-scan base-package="com.spring.prj.controller" />
	<context:component-scan base-package="com.spring.prj.dao" />
	<context:component-scan base-package="com.spring.prj.service" />
	<context:component-scan base-package="com.spring.prj.vo" />
	
</beans:beans>
